x_squared,xy,y_squared,x_plus_y,x_plus_2y
1.9189619906396747,2.6324817106971743,12.05442270582175,7.343452208259462,2.521683125930762
2.161777587661569,2.4965516511202934,18.27003524202845,10.38329344657437,3.075279349762992
1.3361272242987317,1.067397592237056,16.04856856360407,8.557983077920564,2.138555652478935
7.095669706079664,14.102352156646752,0.8898725551257569,7.496112355886255,7.140163333835952
10.825183936508116,19.822673546108835,18.276943269073982,19.049808407591406,11.739031099961815
7.868315139463501,15.525989301629838,2.106409772971638,8.816199537300738,7.973635628112083
7.342704467773426,13.251025810222739,14.343831253241117,13.797428531731928,8.059896030435482
9.300341733027942,17.858934969922448,7.417484961334346,12.638209965628397,9.671215981094658
9.76158673803871,18.291770346022812,12.3140313005461,15.302900823284457,10.377288303066017
8.883739779447492,16.54071168555842,12.267678733365631,14.404195209462026,9.497123716115773
7.382841421159457,13.306371773702388,14.593110686165243,13.949741229933815,8.11249695546772
6.079497759897534,10.19190789911405,19.67087620681018,14.931392052962115,7.063041570238043
8.597585709081189,15.916303516372354,12.788679017900236,14.352491267136294,9.2370196599762
5.8584324152877,10.359877047467304,13.569877831080955,11.96487743927413,6.536926306841748
3.094943347691597,4.425991453156035,17.638952422271586,11.032471937713812,3.9768909688051766
10.512340651757054,19.43610095860787,15.885803449062376,17.660952203835123,11.306630824210172
2.7211690841713994,4.226082110838667,12.162560575041315,8.194321342939991,3.329297112923465
2.9211336198187485,5.371870845086373,4.703963945511244,5.037917395298809,3.156331817094311
4.829335796373254,8.153612831206027,15.050587615404805,11.602100223305417,5.581865177143494
6.694650296404854,12.839282811419894,5.500177813898144,9.16973031265902,6.9696591870997615
6.496759719596669,12.710952875822093,2.8256656337124575,7.768309254767275,6.638043001282292
4.535354705441385,7.409243018667516,16.614663922152552,12.011953470410035,5.3660879015490135
2.8693546922273248,4.719629647822837,10.190797366318133,7.455213507070485,3.3788945605432317
1.4111595705568938,1.2587525072771477,15.635666338366399,8.447209422821773,2.1929428874752137
3.331314809356601,6.111461573565133,5.511680451480689,5.811571012522911,3.6068988319306357
9.09863323610762,16.99499225596822,12.022742162470202,14.508867209219211,9.69977034423113
10.229869261943703,19.198413749392042,12.613247744953641,15.905830747172843,10.860531649191385
6.947739783653506,13.040917631370402,8.545619359366103,10.793268495368253,7.375020751621811
4.7148362226229565,8.039584426376148,13.90088018869765,10.9702323075369,5.409880232057839
8.117766574065787,14.58423556134373,16.512975867878417,15.548605714611075,8.943415367459707
1.2062163253972822,1.1635692316840562,12.48863419110508,6.826101711394568,1.8306480349525363
3.9745751974365113,7.410512774301756,5.38637620571267,6.398444490007213,4.243894007722145
9.889420057627195,18.098856496353935,16.799836189004537,17.449346342679235,10.729411867077422
6.849319081499932,13.659285406516553,0.3935275648331049,7.026406485674829,6.868995459741587
3.084128044307287,5.116586798360901,10.516692902536732,7.816639850448817,3.6099626894341235
4.993425827730891,8.058897372007351,19.279542834544305,13.669220103275828,5.957402969458106
2.903763550826902,5.351913791017456,4.556133106363484,4.95402344869047,3.131570206145076
1.2430412271218216,0.9535323390173955,15.325501152262479,8.139516745639938,2.009316284734946
3.713747871380268,6.956914512041889,4.70581230718647,5.8313634096141795,3.9490384867395916
6.529567692081169,12.721620364135056,3.3751502002728273,8.048385282203942,6.698325202094811
5.289061603347431,9.895275324120533,6.828478825743288,8.361877074931911,5.630485544634595
4.651457251928372,8.71074203551822,5.921724683385259,7.316233359451739,4.9475434860976355
9.974492572008293,18.791151451813914,11.578336922026711,15.184744186920312,10.553409418109627
8.00112347163627,15.618843466023343,3.834034772491961,9.726439119257652,8.192825210260867
9.1665797265258,17.014841750097172,13.183177029544268,15.09900938982072,9.825738578003014
3.4146420879831068,5.70491058749524,11.243735884709736,8.474323236102489,3.9768288822185935
5.022006794181549,8.817647729519727,12.263658588433714,10.54065315897672,5.635189723603235
3.0354250083764915,5.536687003394148,5.341630133588349,5.439158568491248,3.3025065150559088
6.248951654946994,12.412020217569292,0.8588309232469649,6.635425570408128,6.2918932011093425
8.615869908452696,16.165167635799243,10.665721811061506,13.415444723430374,9.149155999005773
1.5243449692709579,2.290834531275263,7.578554072666524,4.934694301970893,1.9032726729042841
3.5320142277068634,5.799227940003167,12.6480051541056,9.223616547054384,4.164414485412143
5.450245750978269,10.133328245311677,7.671632566448596,8.902480405880137,5.833827379300699
2.2821526301101156,4.468259944413906,0.9604531580632547,2.7143565512385806,2.3301752880132787
2.204548963807167,4.3457701549071075,0.6332777270722612,2.4895239409896845,2.23621285016078
6.308791038225207,11.80567801342659,8.119040630238242,9.962359321832416,6.7147430697371195
0.535570062715098,0.9168389486591355,1.5430117677106048,1.2299253581848701,0.6127206511006282
7.219200353300296,13.248833045742295,11.895676608582983,12.572254827162638,7.8139841837294455
4.180350399400226,6.417762142205419,19.429386565950317,12.923574354077868,5.151819727697741
4.7113425264041116,7.993352253120309,14.293327996879128,11.14334012499972,5.426008926248068
2.621508533048257,4.281549656081629,9.614674100148852,6.94811187811524,3.1022422380557
0.11249069047216509,0.15368311594855966,0.7129826499577052,0.43333288295313244,0.14813982297005035
2.2162761075565873,3.7711125500439957,6.614396650691791,5.192754600367893,2.5469959400911772
8.88078935811035,16.810574792911066,9.510039233096352,13.16030701300371,9.356291319765168
3.559892183419109,5.910582218437432,12.092021484007855,9.001301851222644,4.164493257619502
6.8740731677289135,11.909632619285965,18.385137161718625,15.147384890502295,7.793330025814845
5.65459223473784,11.293074647412276,0.16109822063403723,5.727086434023157,5.662647145769542
8.283824686438376,15.088830585186596,14.788187876901542,14.938509231044069,9.023234080283451
1.7280397357864918,2.64354261011422,8.125368614587636,5.384455612350928,2.134308166515874
7.750778493211824,14.751437467401791,7.501195190218565,11.126316328810178,8.125838252722753
10.176445576711068,18.626638006718995,17.262531467031415,17.944584736875207,11.03957215006264
2.9426553887912057,4.970179690166335,9.151310874160767,7.060745282163551,3.400220932499244
5.085026120858311,9.62649578773254,5.43556453984082,7.5310301637866806,5.356804347850352
6.71624129641786,13.003397071986303,4.290855208494177,8.647126140240239,6.930784056842569
9.071293089682886,17.274444557405563,8.681416219602092,12.977930388503827,9.50536390066299
3.696658228527692,5.764086691804349,16.29229765251035,11.028192172157349,4.511273111153209
4.877723838380107,8.17729085807898,15.781568186812349,11.979429522445663,5.6668022477207245
9.228944477336448,17.12633816772067,13.315507869522246,15.220923018621459,9.89471987081256
1.397561268948083,2.7694642405406955,0.2565829735547065,1.513023607047701,1.4103904176258184
0.5829302888070229,0.6272585469880942,5.386020306259514,3.006639426623804,0.8522313041199986
9.681138030720238,18.109551459464612,12.527246019758618,15.318398739611615,10.307500331708168
7.872341349861406,15.537205686593687,2.0747701312912525,8.80598790894247,7.976079856425969
1.0900486487718508,1.5071076554354712,6.729896421082304,4.118502038258888,1.426543469825966
5.166405832013611,10.130472248666404,2.0233941536081734,6.0769332011372885,5.267575539694019
7.706327227410454,15.195052090969536,2.1760236385137177,8.685537864741628,7.81512840933614
7.160465729364355,13.554992472795442,7.659389859332679,10.60719116606406,7.543435222330989
4.06581741002684,6.6921171595951545,14.395176604585256,10.543646882090204,4.785576240256103
9.39665278817741,17.436636783438672,13.566687929161478,15.501662356300075,10.074987184635484
3.6938035170585204,6.344583187654411,10.430238464626298,8.387410826140353,4.215315440289835
9.178789381427906,16.863056938228137,14.945218246276752,15.904137592252445,9.926050293741744
8.40032516911848,15.998962758610848,8.016875796261102,12.007919277435974,8.801168958931534
7.746266966926164,13.827109681316882,16.654242525354462,15.240676103335673,8.578979093193887
7.13545479414968,13.101475347423628,11.694342408757326,12.397908878090476,7.720171914587547
5.045923511389585,9.47710866912052,6.147383536586504,7.812246102853512,5.353292688218911
4.016687058424085,7.823066435975652,2.1030768087251905,4.963071622350421,4.121840898860345
6.209236393245049,11.90456556549867,5.1390722099142705,8.52181888770647,6.466190003740762
9.710300881192497,19.242001612658957,1.786001497260381,10.51400155495967,9.799600956055517
8.550302952250513,16.30596175731908,7.946441471819467,12.126201614569272,8.947625025841486
6.937484793757859,13.432745842155649,4.422237453600699,8.927491647878174,7.158596666437894
1.117168701589942,0.40825003469347365,18.2608736848641,9.334561859778788,2.0302123858331473
9.247126237036168,17.53735492259795,9.568975514743885,13.553165218670916,9.725575012773362
4.732691630253794,8.459872026568679,10.05511233938909,9.257492182978885,5.235447247223249
9.479556013027839,17.403969159064932,15.551428669907455,16.477698914486194,10.257127446523212
8.774762011005143,16.544567689705637,10.049563323046469,13.297065506376054,9.277240177157466
9.220899475672503,18.157161067504298,2.846378838407091,10.501769952955694,9.363218417592858
5.530411198828171,9.406260347062176,16.545620505941653,12.975940426501914,6.357692224125254
9.217411288071732,17.018447207789865,14.16375368353599,15.591100445662928,9.925598972248531
4.87028954164657,8.168528696383706,15.720503869094333,11.94451628273902,5.656314735101287
6.94632625081365,13.812779246038133,0.7987325558916747,7.305755900964904,6.986262878608234
3.723255929808983,5.504874915166877,19.416369444510885,12.46062217983888,4.694074402034527
6.925364938582096,11.985065401013799,18.65664476150392,15.320855081258859,7.858197176657291
10.421025684287839,19.0372073669728,18.04844001602878,18.542823691500793,11.32344768508928
8.332069519249881,15.444447089531764,12.196919489679967,13.820683289605865,8.941915493733879
2.6095504849293816,3.8406428711307616,13.784580987280012,8.812611929205387,3.298779534293382
1.3732016003664467,1.6053631389872347,11.410400617456585,6.50788187822191,1.9437216312392758
1.6262868017731287,2.112519206123198,11.400543974230592,6.756531590176895,2.196314000484658
8.586669087715089,16.28001409818143,8.933240772487478,12.606627435334453,9.033331126339462
4.608801921761204,8.317143261748898,9.00460581773511,8.660874539742004,5.05903221264796
8.635638453928571,15.93182261140681,13.394542964503342,14.663182787955076,9.305365602153739
7.5832378126211015,13.458110441844847,17.083651833973562,15.270881137909203,8.437420404319779
8.628935911356521,15.912244487715823,13.45627334997218,14.684258918844002,9.30174957885513
7.62637729512316,14.762966975603414,4.897876146429077,9.830421561016244,7.871271102444615
1.6707848961322822,1.5076772155390872,18.33892576725477,9.923301491396929,2.587731184495021
4.957904852314319,9.356102415438944,5.597072891896935,7.47658765366794,5.237758496909166
5.2103968080545835,9.51463189421596,9.061617218932074,9.288124556574017,5.663477669001187
10.014427611439643,18.06029108125514,19.68564141624147,18.872966248748305,10.998709682251718
2.185991122390174,3.7867266255080745,5.852556192722734,4.819641409115404,2.478618932026311
1.446184422329542,2.248238421080584,6.4413042357849974,4.344771328432791,1.7682496341187917
8.244964113091807,15.885217855505935,6.047103706776813,10.966160781141374,8.547319298430649
7.967931185913319,14.142308468193312,17.935539036333257,16.038923752263283,8.86470813772998
8.764815706469879,16.605388318047833,9.242430948919244,12.92390963348354,9.22693725391584
6.236433708553664,10.874789939480802,15.980774776265253,13.427782357873028,7.035472447366926
9.672132385348405,18.149612333836252,11.946524368605566,15.048068351220909,10.269458603778682
3.872287095568863,6.1817146393670335,15.628595517706923,10.905155078536978,4.653716871454209
7.575410800584134,14.696662533276134,4.54159067892133,9.619126606098732,7.8024903345302
5.741305101373324,10.83324445252176,6.493657502248887,8.663450977385324,6.0659879764857685
1.2661547619567441,1.5043313297247085,10.279781941887798,5.892056635806253,1.780143859051134
9.508438951844852,18.685033266845032,3.3184463684467236,11.001739817645877,9.674361270267188
5.346496993728119,9.519186944924991,11.738070425312454,10.628628685118723,5.933400514993741
2.020271843355175,2.9202381039305636,11.203055827797863,7.061646965864213,2.580424634745068
8.576038441039232,16.084905344910897,10.671715371675688,13.378310358293293,9.109624209623018
1.5794181182975304,1.9324649602834798,12.26371276311581,7.098088861699646,2.192603756453321
9.28982907496966,17.3782953186219,12.013628313174202,14.69596181589805,9.890510490628369
1.8853843241967185,1.9518849241972447,18.188837241961924,10.070361083079584,2.7948261862948147
7.170075679677398,14.024171839060358,3.1597952029443754,8.591983521002367,7.328065439824616
10.452228381946687,18.9689403936679,19.355163702254753,19.162052047961325,11.419986567059425
0.18745693970764876,0.3591604182105912,0.15753461204706332,0.25834751512882725,0.19533367031000193
5.61424288613503,11.148171251882324,0.8031452038773601,5.975658227879842,5.654400146328898
7.893280283472566,13.977860666477145,18.08699900467987,16.032429835578508,8.79763023370656
1.5344598122185744,3.025598792107651,0.43320832329497794,1.7294035577013145,1.5561202283833233
3.4605210610722974,5.334372352622907,15.866697695216876,10.600535023919893,4.253855945833141
0.7373041696714963,1.0861877574688816,3.884205818741109,2.4851967881049952,0.9315144606085517
6.037005337895021,11.468085162160076,6.059255136299653,8.763670149229863,6.339968094710003
10.141151808284272,18.920666409443307,13.61637207125238,16.268519240347842,10.821970411846891
2.709143179129667,4.9030864145213116,5.151999437380226,5.027542925950769,2.9667431509986786
4.0109939908074015,6.10764570262176,19.14342278993044,12.6255342462761,4.968165130303924
3.343728114362306,5.647640024840987,10.39816203883625,8.022901031838618,3.8636362163041187
3.202054461741617,5.222979831086219,11.811290923970148,8.517135377528184,3.7926190079401243
6.625475801944175,12.563857510819664,6.870940930686846,9.717399220753254,6.969022848478517
9.17822832667821,18.26737438754483,0.890822658115904,9.579098522830368,9.222769459584006
10.121247146818131,19.45356285473916,7.889314388971025,13.671438621855092,10.515712866266682
6.285983123806342,11.240395240438676,13.315710071740078,12.278052656089377,6.951768627393346
5.370445701086455,10.394598468653138,3.4629293351977175,6.928763901925428,5.543592167846341
1.889734417643365,1.9671072509127119,18.12361584374018,10.045361547326445,2.795915209830374
2.283727028956459,2.8539136296008705,17.13540428312047,9.99465895636067,3.140497243112482
7.5762350441740605,15.08542966688557,0.6704042146255018,7.8779169407555365,7.609755254905336
7.881178129799924,13.846639272097786,19.15716987502062,16.5019045735592,8.839036623550955
3.7191793390808634,5.616936659294572,18.214220188671547,11.91557842398306,4.629890348514441
8.243132408506188,15.536130071382413,9.501347456299635,12.518738763841025,8.71819978132117
4.26636453761966,7.797134347108927,7.355947281303927,7.576540814206427,4.634161901684856
3.2497602917433186,5.6259789151005695,8.735416683860679,7.180697799480624,3.6865311259363525
8.614033205698227,16.04566313180263,11.824032795938258,13.934847963870444,9.205234845495141
10.510460184100378,19.53594201416452,14.849783540362383,17.19286277726345,11.252949361118498
5.492764993320272,9.223815113135966,17.61714873504576,13.420481924090863,6.373622430072559
5.706260299251276,9.862236519548745,15.502840789538068,12.682538654543407,6.481402338728179
0.9327675996246564,0.2497074836627422,16.158277155865704,8.203992319764223,1.7406814574179417
0.975405498459082,1.0579810520021748,8.92829944915989,4.993140250581033,1.4218204709170765
8.350371929276431,14.751137431438114,19.496064271147475,17.123600851292792,9.325175142833805
5.8569528081349675,10.251469123919676,14.62436492350259,12.437917023711133,6.588171054310097
9.2179548743791,18.17393493467091,2.619748140872886,10.396841537771898,9.348942281422744
3.071244220407168,5.646748263201635,4.957401776127015,5.302075019664326,3.319114309213519
10.307336320023444,19.519181329274446,10.95491310772443,15.237047218499438,10.855081975409666
1.4706600565001393,2.5984629267996695,3.428571862006089,3.0135173944028795,1.6420886496004437
2.8762538396554396,5.698750272363178,0.5375740694770181,3.118162170920098,2.9031325431292907
5.107998717625708,9.924517138866298,2.914802963851175,6.419660051358736,5.253738865818266
5.442376101097431,10.73926051142513,1.4549169076973323,6.0970887095612305,5.515121946482298
7.719674471836447,14.486067684999568,9.532812586733248,12.00944013586641,8.19631510117311
1.7993407110388921,1.827384812996664,17.7129660908112,9.770175451903931,2.6849890155794522
6.0777941219708325,10.499194817986945,16.563934259547203,13.531564538767075,6.905990834948193
9.179875731263696,17.389092828101717,9.706586344256747,13.547839586179233,9.665205048476533
1.6173034174332157,2.2883407798981104,9.462660549683209,5.87550066479066,2.0904364449173762
3.626723924197983,6.753408189016891,5.000396593790748,5.87690239140382,3.8767437538875207
9.89614182203706,19.26372800226045,5.285556418136721,12.274642210198586,10.160419642943896
5.983336128753377,11.29241025273566,6.742620047710943,9.017515150223302,6.320467131138924
0.8793565316968784,1.50615176054262,2.5256130285113687,2.0158823945269946,1.0056371831224469
4.020514445636742,6.7741379701363735,12.668909211371098,9.721523590753735,4.653959906205296
2.965327067333086,4.353596266849049,15.770578678171232,10.06208747251014,3.7538560012416475
10.162374470028906,19.07078167115368,12.53967268904135,15.805227180097514,10.789358104480975
7.935307919967514,14.75256659034584,11.180492495891867,12.966529543118853,8.494332544762106
1.4414887949771935,2.308901503118026,5.74076086836361,4.024831185740818,1.728526838395374
5.062112860947637,9.044858374853241,10.793673470420318,9.919265922636779,5.601796534468653
2.0642828634975676,3.0610431862909593,10.67522540704176,6.868134296666359,2.5980441338496556
4.807791965921398,8.55528220464221,10.603017272005857,9.579149738324034,5.337942829521691
3.109395475716292,6.101537171831035,1.172537796015487,3.637037483923261,3.168022365517066
5.742946664252859,11.027328750401853,4.585645781038645,7.806487265720249,5.972228953304791
0.9134319068930439,1.1453289843911874,6.815348293949002,3.980338639170095,1.254199321590494
4.37625017893958,7.329305135407822,14.23195222471339,10.780628680060605,5.08784779017525
1.292738310563253,1.1459729155811216,14.395037055453844,7.7705049855174835,2.0124901633359453
9.135632949585597,17.548290485452448,7.229754137187476,12.389022311319962,9.497120656444972
2.9602076979354646,4.555296402895175,13.651189929757535,9.103243166326354,3.6427671944233415
2.025455750427661,2.0694022699382186,19.81509230917103,10.942247289554624,3.016210365886212
10.755502893461111,19.604569893963742,19.064358929584802,19.33446441177427,11.708720839940352
4.202710862460395,7.18511381443387,12.203079104869207,9.694096459651538,4.812864817703856
4.617818390522775,8.200026104625566,10.356106764199824,9.278066434412695,5.1356237287327655
3.03457830919736,5.957681787858579,1.1147483053614105,3.536215046609995,3.0903157244654307
9.497664790322919,18.916801973042237,0.7852760760360167,9.851039024539126,9.53692859412472
1.0346319264097243,1.7547999635297362,3.1446388928971247,2.4497194282134305,1.1918638710545806
6.78352526527201,12.46245491237083,11.045956181731885,11.754205547051358,7.335823074358604
8.910929954845361,16.88500418967713,9.368557200135943,13.126780694906536,9.37935781485216
9.12364869389734,16.525618721700724,17.21678666093959,16.871202691320157,9.984488026944321
10.027126687988343,18.66835343184976,13.858999441269265,16.263676436559514,10.720076660051806
4.813671884930209,9.581143122321865,0.46200647538553685,5.021574798853701,4.836772208699486
1.9975286700685575,2.952195652284042,10.428616878530729,6.690406265407385,2.518959513995094
8.854482693023526,17.037049158706907,6.71916227340146,11.878105716054183,9.1904408066936
1.2440807857492275,2.275959597530519,2.1220197396793594,2.1989896686049395,1.3501817727331955
5.571674435849854,9.406757360424864,17.36591511274844,13.38633623658665,6.4399701914872765
1.3999899315655195,2.2655629232330776,5.344169398979613,3.8048661611063452,1.6671984015145003
2.2172054084690576,4.050584913047146,3.838259038909686,3.944421975978416,2.4091183604145416
3.729943023540012,6.971489255027552,4.883967920524725,5.927728587776139,3.974141419566249
1.9885731140436926,3.818843538456118,1.5830268963126715,2.700935217384395,2.067724458859326
1.8893121601034846,3.2541319003382507,5.2449241986871815,4.249528049512716,2.1515583700378436
7.788700715335502,15.068191902211627,5.092095284593774,10.0801435934027,8.043305479565191
2.5414623579705378,3.1274914168732426,19.554332990678326,11.340912203775783,3.5191790075044542
2.257349904900587,3.8823161557319508,6.3238365406922314,5.103076348212091,2.5735417319351983
3.6530043610638105,5.562845322784287,17.431633993433344,11.497239658108816,4.524586060735478
2.5703788838911716,4.854276988148918,2.8648077963342544,3.859542392241586,2.7136192737078844
7.460058225524143,13.383666178457148,15.364502725911393,14.37408445218427,8.228283361819713
2.2224476149492927,2.496511608439682,19.48383621458903,10.990173911514356,3.196639425678744
2.360269400899214,2.764256640105891,19.562821616925365,11.163539128515628,3.3384104817454823
7.170098279246111,12.733995541488092,16.062010170041297,14.398002855764695,7.973198787748176
3.1108165343558927,5.220224198749772,10.014088699620133,7.617156449184953,3.6115209693368993
1.3568589616415179,1.6553643225277814,10.58353600755254,6.119450165040161,1.8860357620191448
1.1693504323559711,1.5034928639933698,8.352080007185727,4.927786435589548,1.5869544327152576
10.85618728335596,19.76601196920875,19.46362597503167,19.61481897212021,11.829368582107543
4.6898777921428,8.324460206566028,10.552953777195714,9.43870699188087,5.2175254810025855
6.683373628149989,12.475767765121688,8.909794911782905,10.692781338452296,7.128863373739135
4.84153070512421,8.550878360572733,11.321830496756872,9.936354428664803,5.407622229962054
7.660501291303656,14.384079938230673,9.369226443766385,11.876653190998528,8.128962613491975
10.777912426221606,19.64395011295563,19.118747394875825,19.381348753915727,11.733849795965398
5.8587066289977905,10.988414684546044,7.289985734495367,9.139200209520705,6.223205915722558
4.2482288083409525,6.817739121801227,16.787184948806782,11.802462035304005,5.087588055781292
2.4584154370434095,3.907287852750936,10.09543021335883,7.001359033054882,2.9631869477113506
10.141503462373288,19.47229143636583,8.107154883807485,13.789723160086657,10.546861206563664
4.3594150181186055,7.6553798649026294,10.634501713345818,9.144940789124224,4.891140103785896
6.405883624085667,11.401622173203185,14.101450749681494,12.751536461442338,7.110956161569742
9.434732828505085,17.118232280202474,17.512333768076974,17.315283024139724,10.310349516908934
8.271297386296474,15.162892179350019,13.797025932429314,14.479959055889665,8.96114868291794
7.621262339279886,14.000020421929298,12.42504256630474,13.21253149411702,8.242514467595123
1.3721074129743815,2.1016467594317456,6.4256806651701766,4.263663712300961,1.6933914462328905
5.323054373486803,9.460521398934583,11.855873480390242,10.658197439662413,5.915848047506316
7.1493474187957275,13.049363890247172,12.493309473442826,12.771336681845,7.774012892467868
2.9809202612669394,4.465848048908983,14.959924736248961,9.712886392578973,3.7289164980793874
8.372535720329894,16.681923263031557,0.6314817762823144,8.656702519656935,8.40410980914401
9.018456098874998,17.9410281946939,0.9588400305609723,9.449934112627435,9.066398100403047
5.851220469916607,9.788445058952203,19.13995880881011,14.464201933881156,6.808218410357112
4.768195800537789,9.037957380754282,4.984342203212966,7.011149791983624,5.017412910698438
10.158705354125537,18.90571755774452,14.11693150506556,16.51132453140504,10.864551929378816
2.927634686828246,4.151754912683467,17.035144609730256,10.593449761206863,3.779391917314759
5.372783528957342,9.390781990692927,13.547850672217558,11.469316331455243,6.0501760625682195
5.1484133217314385,9.925525179211627,3.7130146425125,6.819269910862063,5.334064053857063
2.523291314347942,3.529619716655741,15.169629120401426,9.349624418528583,3.281772770368013
5.411185818871694,9.903610837196524,9.187608005468636,9.54560942133258,5.870566219145125
9.8401142406142,18.346191824967658,13.34036656260744,15.843279193787549,10.507132568744574
9.55417164146811,17.204962411830447,19.033808711057734,18.11938556144409,10.505862077020996
9.849411340742808,17.7473047517218,19.515179297638166,18.631242024679985,10.825170305624717
3.250026023658575,5.9750950265183445,5.249570207988061,5.612332617253203,3.512504534057978
2.4049253744619934,4.4539176019504945,3.559331469734923,4.006624535842709,2.5828919479487396
8.194820249629329,15.670976720520045,7.186637787386125,11.428807253953085,8.554152138998635
4.015532208126406,6.092580559945569,19.384838563072435,12.738709561509001,4.984774136280028
7.733973625593695,14.935670640352201,5.322766108351884,10.129218374352043,8.00011193101129
0.4137822322125077,0.26740847306264914,5.601559913623662,2.9344841933431556,0.6938602278936908
6.968478598956352,12.833017672696021,11.039395252166827,11.936206462431425,7.520448361564694
1.7684407940047344,1.7689028802036177,17.67978707805851,9.724344979131065,2.65243014790766
3.107990087708554,4.445650013004356,17.703301624127512,11.074475818565935,3.9931551689149294
6.655040975632049,12.695247692864113,6.148342583999864,9.421795138431989,6.962458104832043
3.291806099353342,5.430381567736882,11.532306309698013,8.481343938717448,3.8684214148382425
3.8427251362091988,7.595007365632853,0.9044290678554501,4.249718216744151,3.887946589601971
1.7688912519238404,3.3004147758354896,2.373677280121911,2.8370460279787,1.8875751159299359
4.157724776039854,7.561887922044077,7.5356163003562955,7.548752111200186,4.534505591057668
0.5645910639094393,0.9579909058250702,1.7119122199380832,1.3349515628815767,0.6501866749063434
10.833071508252504,19.715885594359165,19.502574221458417,19.60922990790879,11.808200219325425
0.7186091946979638,0.18134640559761772,12.558719837983098,6.370033121790358,1.3465451865971187
2.0681577620669627,3.8468069734689747,2.8950855066495107,3.3709462400592427,2.2129120373994384
5.513194412496173,9.203799739924548,18.225890850677978,13.714845295301263,6.424488955030072
0.5083131435972371,0.2712711477720475,7.453551394224267,3.862411270998157,0.8809907133084505
8.372101170147145,14.88507470843821,18.5912763185608,16.738175513499506,9.301664986075185
5.519054074233176,9.742285673063192,12.95822475403159,11.350255213547392,6.166965311934755
8.079265145525753,14.2398593728291,19.186709182224057,16.71328427752658,9.038600604636956
9.438418176550798,18.174873670691817,7.019626824097768,12.597250247394793,9.789399517755685
4.313820169762459,8.59620496259026,0.31435376934658477,4.455279365968423,4.329537858229789
4.107558481222016,6.574164647199989,16.40952315244043,11.491843899820209,4.9280346388440375
0.8961509087808622,0.23805049137231915,15.542513261894053,7.8902818766331855,1.6732765718755649
6.572761209794125,11.71279953569389,14.327228838943597,13.020014187318743,7.289122651741304
7.047120566080823,13.964162856763938,1.3007827539770656,7.632472805370502,7.1121597037796755
2.2251488077715145,3.603736153176391,8.465614623666376,6.034675388421384,2.6484295389548334
0.9123606281602367,0.7055174929079078,11.192037634125654,5.948777563516781,1.4719625098665194
0.6209465106406227,0.3289340105781502,9.12959010703095,4.72926205880455,1.0774260159921702
9.53265121895081,17.09438146788439,19.709209700172327,18.401795584028356,10.518111703959427
9.667510851857877,18.833890845094782,5.011308586209713,11.922599715652247,9.918076281168362
2.087868231055592,2.9816526828844414,11.94083779226742,7.46124523757593,2.6849101206689627
2.7412811100384187,4.775546179088021,7.07016040988816,5.922853294488091,3.094789130532827
4.630409315298206,8.27004718427757,9.907714463188436,9.088880823733003,5.125795038457628
3.889369085838176,7.715360467946962,0.6337770372939056,4.174568752620433,3.921057937702871
9.84966307555011,18.32953923822099,13.697869128792304,16.013704183506647,10.534556531989725
9.017948098771427,16.16848291906241,18.67413278480443,17.42130785193342,9.951654738011648
7.497017880933511,13.929198782012328,10.648369798546923,12.288784290279626,8.029436370860857
7.394303405551759,13.778120826314886,10.104859847886324,11.941490337100605,7.899546397946075
10.467108211165405,19.36197861740286,15.722378049279515,17.542178333341187,11.25322711362938
2.7337797611269954,3.8865526632609915,15.810068589929996,9.848310626595493,3.5242831906234953
1.8720384069606046,3.739797071461437,0.04279742459772029,1.8912972480295787,1.8741782781904905
4.459726064902245,8.657814878105299,2.616372516991914,5.637093697548607,4.590544690751841
7.997056762460414,15.078969210686896,9.151443142339302,12.115206176513098,8.454628919577377
3.387483945903159,5.87614824697392,8.988196448323972,7.432172347648946,3.8368937683193574
1.7053538075069148,2.5251131439126606,8.855944711011688,5.690528927462174,2.1481510430574993
8.501743625694063,16.87286033455472,1.3062691683340577,9.089564751444389,8.567057084110765
4.637438504448497,8.26163822282458,10.132387860724128,9.197013041774355,5.144057897484703
9.889720546308325,18.69122048729282,10.882206053238285,14.786713270265553,10.433830848970238
6.208485722515593,11.452418970494577,9.645524745366084,10.54897185793033,6.690761959783897
5.482454148561826,10.828344317125946,1.3656397999770564,6.096992058551502,5.550736138560679
8.25072354763457,15.526759907625072,9.746871876440668,12.636815892032871,8.738067141456604
7.255930439209961,13.585392910363321,9.26467968056601,11.425036295464665,7.7191644232382615
9.936724119289732,19.56971827548981,3.037299630896544,11.303508953193177,10.08858910083456
5.879221806331699,11.593272152827588,1.6517145983581027,6.622493375592845,5.961807536249604
10.207278464743633,19.493617878471486,9.209390510157796,14.351504194314641,10.667747990251522
10.655900705406655,19.625723998237806,16.860774125755032,18.24324906199642,11.498939411694407
8.879285668967647,17.573384720043933,1.851866178913626,9.712625449478779,8.97187897791333
2.8027908143044105,4.245219548437699,13.603620801711218,8.92442017507446,3.4829718543899713
7.438599239970918,14.687500480226314,1.8969799971552215,8.292240238690768,7.5334482398286795
4.611428385318545,7.699902960656089,15.229538099810007,11.464720530233048,5.3729052903090455
1.5982108377753905,2.9120771512598487,2.8434452429093238,2.8777611970845864,1.7403830999208567
1.3615701022574902,0.8089643300188776,19.141758744961027,9.975361537489952,2.3186580395055416
9.314771204706,18.49417887977047,1.3536352964153187,9.923907088092895,9.382452969526767
7.233033293480779,13.709089792929742,7.56976794031816,10.639428866623952,7.611521690496687
2.773082350707371,4.685609694327562,8.605550070871805,6.645579882599684,3.2033598542509614
1.9006416117473346,1.916239571965268,18.85043651529401,10.383338043629639,2.843163437512035
5.084502343877168,9.793179695095283,3.7582499265905267,6.775714810842905,5.272414840206694
3.0938803071390795,4.940978660197242,12.467819540809169,8.704399100503206,3.717271284179538
5.868685834948298,9.921179436840706,18.16192233055889,14.041550883699799,6.776781951476242
9.881864844001337,18.350816554522453,14.129131334802196,16.239973944662324,10.588321410741447
4.423571730054801,7.855895342894015,9.912481172155879,8.884188257524947,4.919195788662595
6.446688332794086,11.470795848330603,14.225808172575675,12.84830201045314,7.157978741422869
9.418382160707814,16.997936937180306,18.38827384235324,17.69310538976677,10.337795852825478
5.022110417674101,10.000102954600168,0.4411788074803358,5.220640881040252,5.0441693580481175
10.574194968451256,19.27343894823991,18.749509886626026,19.011474417432968,11.511670462782558
7.572108592441311,13.255221018420373,18.88996166462249,16.07259134152143,8.516606675672435
6.739152892964774,12.522528968688649,9.557768172408988,11.04014857054882,7.2170413015852235
2.2322105592591153,4.289193567254264,1.752275512639665,3.0207345399469645,2.3198243348910985
10.079008900501623,18.361360793856257,17.966570071469917,18.163965432663087,10.97733740407512
9.795768036790744,19.2207433157927,3.707927577887866,11.464335446840282,9.981164415685136
7.206296264408697,12.940826844023128,14.717656847942653,13.82924184598289,7.942179106805829
5.443713909227577,8.926228528914885,19.611992895402672,14.269110712158778,6.42431355399771
9.365750858984073,17.311407422789845,14.200942951783013,15.756175187286429,10.075798006573224
9.53578408044193,18.152248110913106,9.193200499707544,13.672724305310325,9.995444105427307
6.078228380533131,11.257475735059511,8.989810260067513,10.123642997563511,6.527718893536507
2.312552458952651,3.498783200760507,11.263217171447957,7.381000186104232,2.875713317525049
3.7988454859769702,7.381675642255649,2.160153296982914,4.770914469619282,3.906853150826116
7.9898948049638125,14.628634435691708,13.511551742359174,14.070093089025441,8.665472392081771
4.7067687049077875,7.991239790888047,14.22297618927528,11.107107990081664,5.417917514371552
6.8366025755369435,13.2226771438378,4.5052800723608755,8.863978608099337,7.061866579154987
8.832263370357635,16.629845674967175,10.346810657480948,13.488328166224061,9.349603903231682
6.814781664913218,11.755298130551719,18.742651992747163,15.24897506164944,7.751914264550575
3.389685918510007,5.183766753770942,15.956050832490718,10.56990879313083,4.187488460134543
4.544776612960743,8.780863626728275,3.086895991932117,5.933879809330196,4.699121412557349
6.176977787388963,11.010364727814279,13.435908469636459,12.223136598725368,6.848773210870785
2.690085043513567,4.779259635066779,6.009104519603545,5.394182077335162,2.990540269493744
4.039642032894249,7.666591710858421,4.126923549300758,5.896757630079589,4.245988210359286
7.076501045690597,12.873500299574264,12.795017918069298,12.834259108821781,7.716251941594062
1.167991067559841,0.7699967885396819,15.659853465800001,8.214925127169842,1.9509837408498412
7.0086853061269,12.841577252367937,11.757933598858623,12.29975542561328,7.596581986069831
3.8178430752053867,6.718397346904535,9.172888035062382,7.945642690983458,4.276487476958506
8.826036792476511,16.301983295416353,13.500902895366709,14.901443095391532,9.501081937244848
2.0293056990788667,2.3276563703827358,17.30955027774997,9.818603324066354,2.894783212966365
4.412606089044341,8.452422146858042,3.7279003123063914,6.0901612295822165,4.59900110465966
5.633058628091808,11.037835808796379,2.2828144738723677,6.660325141334373,5.747199351785426
6.871466814286935,13.67874760132384,0.6418602725002964,7.160303936912069,6.90355982791195
2.402158278273702,3.3657692664834293,14.385472900639742,8.875621083561587,3.121431923305689
4.369644028256458,7.487926516448065,12.513615400648504,10.000770958548284,4.995324798288883
3.857649996108025,6.031009983853599,16.842900083624514,11.436955033739057,4.699795000289251
4.5416257514721,8.58879502502405,4.944564779201515,6.766679902112783,4.788853990432177
4.99207221047282,8.483772068757533,15.003723521881074,11.743747795319305,5.742258386566874
7.1650193468217385,13.112103600824287,12.179350928191885,12.645727264508086,7.773986893231332
8.914521602425948,15.91152248557803,19.17520719273865,17.54336483915834,9.87328196206288
7.213249254293581,13.91308196213351,5.134165464536524,9.523623713335017,7.469957527520408
3.3162032666969283,5.908547179620715,7.238593537731419,6.573570358676067,3.6781329435834995
2.5259719302652446,3.5929223324254944,14.590215281049943,9.091568806737719,3.2554826943177417
3.910338920950145,6.67297061272939,11.477072291708996,9.075021452219193,4.484192535535595
9.577609130123065,18.48511350456005,6.701047556860791,12.59308053071042,9.912661507966105
5.78267197146967,10.369206251902694,11.961376910366443,11.165291581134568,6.380740816987991
5.8412658421835975,9.924498176375408,17.58033507991787,13.752416628146639,6.720282596179491
8.938847457802584,17.248326185805762,6.293687297994075,11.77100674189992,9.25353182270229
3.1102732762355885,5.819646845058076,4.008997074131015,4.914321959594545,3.310723129942139
4.388934191273099,7.880915113505393,8.969532690408045,8.42522390195672,4.837410825793501
8.773379285958091,17.074135462052517,4.726231098636653,10.900183280344585,9.009690840889924
2.692790492895064,4.285124312518551,11.004566732715766,7.6448455226171586,3.243018829530852
9.46926062709741,18.912832887127756,0.25688367067064677,9.584858278899201,9.482104810630943
1.4470387344509041,2.1047602437730406,7.893172251287675,4.998966247530358,1.841697347015288
9.627705621539114,18.56022631026932,6.951849328089057,12.75603781917919,9.975298087943566
2.8007503502938653,4.7071668120666255,8.943338885211048,6.825252848638836,3.2479172945544175
2.9900417013517826,5.8968976531786215,0.8318574952494395,3.3643775742140303,3.0316345761142545
8.238699993452846,16.299724014707262,1.7767597219843068,9.038241868345784,8.327537979552062
2.9543002631835176,4.737848478860986,11.707520475060495,8.22268447696074,3.5396762869365426
3.7142472871298065,6.022417668652842,14.060769056067704,10.041593362360274,4.417285739933192
1.7759265990624609,3.4971481337121824,0.5470506441273937,2.022099388919788,1.8032791312688305
8.202289109283555,14.589580510002392,18.14997708564719,16.369778797824793,9.109787963565916
9.775249313056147,18.80676160627924,7.437370198330527,13.122065902304884,10.147117822972673
1.2796396519573696,1.8760215208064657,6.832577831082734,4.3542996759446,1.6212685435115062
9.933255895743557,18.033575135360167,18.329366561269477,18.181470848314824,10.849724223807032
0.4593755493047653,0.8041349520514562,1.146161465580744,0.9751482088161001,0.5166836225838025
6.091777552714319,10.787017659816504,13.965374456121344,12.376196057968924,6.790046275520386
2.821305219456007,4.287757265375145,13.548531735368684,8.918144500371914,3.4987318062244412
5.022612585024136,9.918198391321681,1.270267787265924,5.594233089293803,5.086125974387433
8.973575936300442,17.51541732410942,4.3173454849146164,10.91638140451202,9.189443210546173
0.31973585530052406,0.12033292288452957,5.191387877165186,2.6558604000248573,0.5793052491587833
7.7400991582810175,15.164760346070292,3.1543797049174316,9.159570025493862,7.897818143526889
7.052289096472691,13.239875864087924,8.647023288574578,10.94344957633125,7.48464026090142
2.714262210100598,3.7279433150702346,17.005811051309617,10.366877183189926,3.564552762666079
3.174391309120032,6.095211599084789,2.5357101915527536,4.315460895318771,3.3011768186976695
5.724247097944662,9.528695061596084,19.197991342932397,14.36334320226424,6.684146665091282
7.439250170111771,13.665840490080727,12.126598501428145,12.896219495754437,8.045580095183178
7.56203543623225,14.949967023430544,1.7410384903395637,8.345502756885054,7.6490873607492285
2.78939159707413,5.014472036874624,5.643111572736363,5.328791804805494,3.0715471757109483
3.2387814923085503,5.128975021398386,13.485879632187146,9.307427326792766,3.9130754739179077
6.738061906989513,11.74799858165584,17.281252323231847,14.514625452443845,7.602124523151105
4.682182034848861,7.623924551455135,17.40439518242586,12.514159866940496,5.552401793970153
2.231557440969139,3.348468973637919,11.146459083003592,7.247464028320755,2.788880395119319
6.06829947304896,11.05352087355775,10.830780725401699,10.942150799479723,6.609838509319045
2.14915466991624,3.36365472848023,9.346546113522503,6.355100421001366,2.6164819755923654
5.926804710305995,10.401635263195024,14.519741574169661,12.460688418682341,6.652791789014478
7.817460605669249,13.815291477976949,18.196297333615483,16.005794405796216,8.727275472350023
9.346713924672812,18.324719545455533,3.6870830389009135,11.005901292178223,9.531068076617858
10.687835007639167,19.644566352014383,17.31103663263951,18.477801492326947,11.553386839271143
5.725008229797883,10.932383180710893,5.1763327888487165,8.054357984779806,5.983824869240318
8.438578503338269,15.184198981907164,16.92958024769372,16.056889614800443,9.285057515722954
0.9337508242979651,0.08175242423950735,17.857492243564227,8.969622333901867,1.8266254364761765
0.9339250388297231,0.6037516253548358,12.640984523046102,6.622368074200469,1.5659742649820283
7.591110551588918,15.074510444504876,1.0771065867296126,8.075808515617243,7.644965880925399
4.904426138133061,8.791508226671594,10.173440495945297,9.482474361308444,5.413098162930327
10.283623202475015,19.3123378929613,12.549085119887318,15.93071150642431,10.911077458469382
9.326850880255423,16.887644809990242,17.66056950520605,17.274107157598145,10.209879355515726
6.037897434511734,12.04444033259874,0.31354536424728296,6.178992848423011,6.053574702724098
5.331194828197172,8.666997814512596,19.95391841881748,14.310458116665039,6.328890749138046
8.9101168963071,16.64079660580647,11.794371868077281,14.217584236941876,9.499835489710964
4.022395705339372,7.123676069948566,9.21115340730179,8.167414738625178,4.4829533757044615
3.2354018771208986,6.430129246868928,0.40674507372869373,3.4184371602988106,3.255739130807333
1.0441326327695108,0.1345423433323334,19.53722922206688,9.835885782699608,2.020994093872855
8.257276112065977,14.537128956149159,19.77423267982794,17.15568081798855,9.245987746057374
2.7719133889180303,4.215263763658941,13.2856301417712,8.75044695271507,3.4361948960065902
3.0030674048228962,5.734153825973336,2.719809836724565,4.226981831348951,3.1390578966591245
5.195845079881555,10.048412632673621,3.432775270894892,6.740593951784256,5.3674838434262995
10.110704821766191,19.283815441596495,9.375942019358884,14.32987873047769,10.579501922734137
3.12255444897166,5.197116689448926,10.479922084943944,7.838519387196435,3.6465505532188573
9.185654119974894,17.165279268813258,12.060289711365296,14.612784490089277,9.788668605543158
6.953181537019974,13.798179086407064,1.081839876328845,7.440009481367954,7.007273530836416
0.471884646494092,0.3733673623277123,5.704019306604717,3.038693334466215,0.7570856118243279
4.443990003324867,7.365184142909584,15.227958637401501,11.296571390155542,5.205387935194942
4.0572527592267,7.378383093418844,7.36122425034557,7.369803671882207,4.425313971743979
5.770509548693998,11.041252086060332,4.997670113276637,8.019461099668485,6.02039305435783
9.75229850462616,18.29169361816169,12.129033910906275,15.210363764533984,10.358750200171473
8.753765258658795,17.053621401971288,4.5390911534630085,10.796356277717148,8.980719816331945
4.568755564294422,7.230001350673958,19.07509777914886,13.152549564911409,5.522510453251865
8.42955200341785,16.299855824979606,5.5924818185609375,10.946168821770272,8.709176094345896
6.408102521977128,12.460949007562075,3.5525603639218084,8.006754685741942,6.585730540173218
3.5030242650654766,6.005719619064616,10.003289110663378,8.004504364863998,4.003188720598645
8.379331064175647,15.437334509076496,13.213276192747962,14.32530535091223,9.039994873813045
6.272340736675599,10.808558810937022,17.36122662414176,14.084892717539391,7.140402067882687
6.658373120410962,11.578132934475667,17.386133063462584,14.482132998969124,7.527679773584092
4.53219377165796,8.456700094145877,6.076874491700444,7.26678729292316,4.836037496242983
8.03724970941739,15.87700670955098,1.9749270928380147,8.925966901194498,8.135996064059292
1.1145968066938061,0.45444363157089107,17.747499818167213,9.100971724869051,2.0019717976021667
1.7211843374270783,1.779612982429224,16.627556924249326,9.203584953339275,2.5525621836395445
5.906613710489159,10.324716697742364,14.885107232359548,12.604911965050956,6.650869072107136
0.7060486187630085,0.9797952843817548,4.323019531442622,2.6514074079121883,0.9221995953351396
6.642808463872089,12.904741746387025,3.8087518135715337,8.356746779979279,6.833246054550665
9.529151258250604,18.4446692610187,6.136332554825099,12.2905009079219,9.83596788599186
1.9776216023709905,2.0040176530871268,19.51225551654854,10.758136584817834,2.9532343781984176
6.569253834219779,12.444099254534393,6.944084139051656,9.694091696793024,6.916458041172362
2.9817841294853555,5.411644523048153,5.519237359225578,5.465440941136865,3.2577459974466345
2.387380880430376,4.489980169681978,2.8478159117877366,3.6688980407348573,2.5297716760197626
6.649894900028997,12.51772208038984,7.820677196681536,10.169199638535687,7.040928759863073
4.307102651415444,7.5107209798161545,11.034843230147338,9.272782104981747,4.858844812922811
2.2103834600694374,2.534925241923911,18.85841678214964,10.696671012036775,3.1533042991769196
3.164002882596455,5.593198799368679,7.348069658242313,6.470634228805496,3.5314063655085706
10.259772378681808,19.837071392428548,6.824733649350671,13.330902520889609,10.601009061149341
5.710013923185633,9.454955384601433,19.650724617698316,14.552840001149875,6.692550154070548
2.4893654827111438,4.004987381821355,9.737435836009325,6.87121160891534,2.97623727451161
8.543891246870217,16.31751396722216,7.70268526518276,12.01009961620246,8.929025510129355
1.2483822417256847,1.4096274321786284,10.871370512727408,6.140498972453019,1.791950767362055
9.031465900764715,16.59139238973596,14.715394117934686,15.653393253835324,9.76723560666145
2.2721119170158093,2.635682860256825,19.085409737747938,10.860546299002381,3.226382403903206
5.988550156611705,11.42742023208281,5.4968008114060085,8.462110521744409,6.263390197182005
3.062708958436785,5.83127195888363,2.941459579899397,4.386365769391514,3.209781937431755
1.7163392674929983,1.5136980503229758,19.189804846630206,10.351751448476591,2.6758295098245086
10.124916492327362,19.019044480202638,12.30788504452085,15.663464762361745,10.740310744553405
9.67312714101549,17.69259740538619,16.53656876644787,17.114583085917033,10.499955579337882
2.107124317766981,2.697270155335103,15.169784801988587,8.933527478661846,2.8656135578664106
1.5047032911762397,1.3446872935410048,16.647192888114745,8.995940090827874,2.3370629355819768
7.72839001449736,14.179067920761046,12.777121082336736,13.478094501548892,8.367246068614197
8.458158398218181,15.862617862423223,10.53698934013138,13.199803601277301,8.98500786522475
2.255212360096304,3.512440574121216,9.979841460713923,6.746141017417569,2.754204433132
7.694334993956669,13.854835034188381,15.338349537249583,14.596592285718982,8.461252470819149
2.02280458899201,3.635056663157641,4.105525148263791,3.870290905710716,2.2280808464051995
5.132172262056457,8.928638673694454,13.357058504184591,11.142848588939522,5.800025187265686
8.13607144996386,15.654952607386424,6.171902925412953,10.913427766399689,8.444666596234507
9.811004908490933,17.95431399193713,16.67695825044735,17.31563612119224,10.6448528210133
7.172230306680419,13.271408341182703,10.730522721781346,12.000965531482024,7.708756442769486
6.857977213731286,13.250217983264625,4.657364441979476,8.95379121262205,7.09084543583026
7.27669905943924,13.657556244026871,8.958418748516092,11.307987496271481,7.724619996865044
1.2466668467021789,0.6189991446229204,18.74334548781437,9.681172316218646,2.1838341210928975
8.534297846223618,16.14389189882663,9.247037936206041,12.695464917516336,8.99664974303392
8.726850579225466,16.477293334300644,9.76407824150288,13.120685787901762,9.21505449130061
3.8575042962236443,7.029413468563934,6.855951238833544,6.942682353698739,4.2003018581653215
8.62468428525614,16.979470619088982,2.6989795142329776,9.83922506666098,8.759633260967789
1.4170299105093485,1.4374665794512809,13.96593241567416,7.70169949756272,2.1153265312930563
3.9103682081675797,5.904919742749282,19.15816673585877,12.531543239304026,4.868276544960518
3.1752171316460838,4.374767215074993,19.75667048217175,12.065718848623371,4.163050655754671
2.1495045481170436,3.431730716157564,8.672783800765231,6.052257258461397,2.583143738155305
2.726247594583831,3.8249369973097913,16.275581918578702,10.050259457944247,3.540026690512766
8.625677456221233,15.864501325759955,13.868535866825125,14.86651859629254,9.31910424956249
8.211128922762953,14.969011486037992,14.532463594879118,14.750737540458555,8.937752102506908
3.4585166205639415,5.321798984325373,15.952342568025106,10.63707077617524,4.256133748965197
7.36026980232104,13.325995475170389,13.945441294716899,13.635718384943644,8.057541867056884
6.66908195928622,13.195080467087346,1.4308345148509338,7.31295749096914,6.740623685028766
2.9838711721774165,4.891427558765937,10.763147855888963,7.82728770732745,3.5220285649718646
1.6847550308561805,2.148405886771021,12.2110417494134,7.179723818092211,2.2953071183268507
5.476026452469255,9.494436382349017,14.576165225894925,12.03530080412197,6.204834713764001
6.207307745772992,10.906347096730384,15.082683948156006,12.994515522443194,6.961441943180793
2.184190328186186,3.609408649139809,7.589720072325621,5.599564360732715,2.5636763318024665
5.597745028329142,10.968715918044541,2.2677413861374274,6.618228652090984,5.711132097636013
9.860994275318182,18.025369310423812,16.96619240212552,17.495780856274667,10.709303895424458
9.691199818536235,18.618552389990988,7.6384724708148255,13.128512430402907,10.073123442076977
3.992878815443048,6.093797527656324,18.919601032297717,12.50669927997702,4.938858867057934
1.8202405307306126,1.7652470692901545,18.752339921710707,10.25879349550043,2.757857526816148
3.4108655512715544,5.053348366255204,17.683827362879054,11.368587864567129,4.295056919415507
7.465604051313042,14.43207802309926,4.99130079526823,9.711689409183744,7.7151690910764525
0.5423177797516469,0.8148758805413037,2.6975967896199005,1.756236335080602,0.6771976192326419
5.098789935582506,10.081331731973018,1.1624813919199317,5.621906561946474,5.156914005178502
6.445366076567614,11.915367543617117,9.753646095181123,10.83450681939912,6.933048381326671
1.5330586725174125,1.5525817265925834,15.135356184422415,8.3439689555075,2.289826481738533
7.44164365865054,14.27572308194781,6.075642353532709,10.175682717740258,7.745425776327176
8.147806398110994,14.429498393629075,18.66114402592913,16.545321209779104,9.08086359940745
4.24498734784051,6.98708318051128,15.028915151697397,11.007999166104339,4.99643310542538
5.1658229538380995,9.236791998343257,10.948539093329416,10.092665545836336,5.7132499085045705
1.5284192123536293,1.8779907901537785,11.788476345534802,6.833233567844291,2.1178430296303694
8.814072715569566,16.509923187347017,11.182222437921133,13.846072812634075,9.373183837465621
6.400706554218232,12.39784209553159,4.035710129048726,8.216776112290159,6.602492060670668
3.962777748974741,7.245788528675268,6.797669692742141,7.021729110708705,4.302661233611849
5.183273355585588,8.582701245994052,17.838454651771244,13.210577948882648,6.075196088174151
10.454098847867305,19.369128105034015,15.390695907005957,17.379912006019985,11.223633643217603
1.8028524335607394,3.5929006567907007,0.12804210330778165,1.8604713800492412,1.8092545387261285
3.5841731899976503,5.735909184126937,14.324371958683635,10.030140571405287,4.300391787931832
0.949651216925923,0.21062176956893497,16.88680664282911,8.548714206199023,1.7939915490673786
7.061392281873861,13.005110663792102,11.176738999556196,12.09092483167415,7.6202292318516704
2.215191235354992,3.698614442040735,7.317680286692485,5.50814736436661,2.581075249689616
5.547347235109502,9.378217686012205,17.16476784206799,13.271492764040097,6.4055856272129015
2.2907634581542724,4.521234251415374,0.6029266489317098,2.562080450173542,2.320909790600858
1.7348317890919795,3.1321232895993667,3.375402885845926,3.253763087722646,1.903601933384276
9.813213796331784,19.431910951344914,1.9451664131865276,10.68853868226572,9.91047211699111
6.199990982641692,11.610270786648886,7.89711178634497,9.753691286496927,6.59484657195894
9.144932229285919,17.11567227942194,11.741921791498983,14.428797035460462,9.732028318860868
7.508783102198632,13.840772980355476,11.76793224041788,12.804352610386678,8.097179714219527
6.535201310029053,11.790598273515588,12.798043465425181,12.294320869470384,7.175103483300312
6.888997612394019,12.722851273139222,10.551439516488166,11.637145394813693,7.416569588218428
1.638356846913415,2.6979246272068647,5.787890666199655,4.2429076467032605,1.9277513802233979
1.3642274049102676,1.4332081695153298,12.952466403052052,7.192837286283691,2.01185072506287
4.604852275391805,9.170363534589418,0.3934101619419028,4.7818868482656605,4.624522783488899
2.6640365743184966,5.30016537838743,0.2790777024956337,2.789621540441532,2.6779904594432784
6.129670160356455,10.639576002449136,16.19764318263774,13.418609592543438,6.939552319488342
0.2510547259586946,0.1471560874106892,3.549533645067,1.8483448662388446,0.4285314082120446
6.146531174977711,10.592723823915717,17.003385260397042,13.798054542156379,6.996700437997563
1.310405876779249,0.7525702797673106,18.682414737911873,9.717492508839593,2.244526613674843
7.38269312502931,13.887918225395822,8.774680246627991,11.331299236011906,7.82142713736071
9.583278857319018,19.126246721440346,0.4031099319769038,9.764678326708625,9.603434353917864
2.3539957580188133,3.247294326815895,14.606971892217313,8.927133109516603,3.084344352629679
9.012729829896772,17.907878143022856,1.175815167706875,9.541846655364866,9.071520588282116
10.15153470552125,19.539829045922495,7.632403651200049,13.586116348561273,10.533154888081253
3.8332736056077987,6.772495165920471,8.940520452951263,7.856507809435867,4.280299628255362
8.269701205643768,15.13160798674599,14.077944245415473,14.604776116080732,8.973598417914543
9.883712240494074,19.166617285411693,6.008071955764547,12.58734462058812,10.1841158382823
5.2022405429355665,9.865747549494142,5.387335363769923,7.626541456632032,5.471607311124063
7.832113372435089,15.45218436239616,2.120423824740163,8.786304093568162,7.938134563672096
5.830598557672351,11.065221506557574,5.959756087871277,8.512488797214425,6.1285863620659145
2.7810082073880986,4.552632525171325,10.09383889604872,7.323235710610023,3.2857001521905342
10.251262079166352,19.819278063512197,6.832460948205088,13.325869505858643,10.592885126576608
9.934507455775336,18.458871398475136,14.101435130755359,16.280153264615247,10.639579212313103
3.3531655394098108,5.3239755985646635,13.823554802549578,9.573765200557121,4.04434327953729
6.098600247441043,11.48963367929835,7.075668155837356,9.282650917567853,6.452383655232911
9.387404901102997,17.59040352702184,11.844062751841516,14.717233139431679,9.979608038695073
3.955835440816978,5.975823285018482,19.358475966154746,12.667149625586614,4.923759239124715
6.259846425475507,11.794478579186885,7.252142717641286,9.523310648414085,6.622453561357571
2.1251204074215995,2.4722633324883048,17.779774823548944,10.126019078018624,3.014109148599047
8.198411240246475,15.698635713052354,6.981867674405944,11.340251693729149,8.547504623966772
8.70913072723425,17.29270904190665,1.2555241256184968,9.274116583762574,8.771906933515176
3.548940194957284,5.665854791538938,14.320255983756304,9.99305538764762,4.2649529941451
5.30617054526855,10.518580458955764,0.937606315813353,5.7280933873845585,5.353050861059217
7.714501790561822,13.913848272106584,15.151553090170589,14.532700681138586,8.472079445070351
10.122540487867425,18.487484233739316,17.575967419955365,18.031725826847342,11.001338858865195
4.365032522958084,8.434161165394817,2.959038805213503,5.69659998530416,4.512984463218759
2.66547700645674,3.9413174813823493,13.896365315311307,8.918841398346828,3.3602952722223054
8.847176431064035,17.413082395031637,2.8127046709643344,10.112893532997985,8.987811664612252
4.222709705319636,8.061025191297821,3.8439421934145113,5.952483692356166,4.414906814990362
2.69811111309445,5.280235636594927,1.1598658959397334,3.22005076626733,2.7561044078914367
9.465820222694093,17.043898436666886,18.87742008721299,17.960659261939938,10.409691227054742
6.735426955422318,12.499535056683218,9.713188541614175,11.106361799148697,7.221086382503026
7.3506486308528896,12.732353064735074,19.689441969707055,16.210897517221063,8.335120729338243
4.072700266782997,6.915285983045614,12.30114550520379,9.608215744124703,4.687757542043186
9.258745651899444,17.38458040915099,11.329108946478998,14.356844677814994,9.825201099223394
7.393322256230589,14.645435640491115,1.4120887197006282,8.028762180095871,7.463926692215621
4.418292229364498,7.035467411818493,18.011170469105032,12.523318940461763,5.31885075281975
9.478859633666252,18.086783842814082,8.709354245184208,13.398069043999145,9.914327345925463
7.175914596622492,13.461529616894307,8.90299576350679,11.182262690200549,7.621064384797832
8.83169463641577,15.869063504713916,17.943257681176256,16.906160592945085,9.728857520474584
1.8712829486382812,2.8393051281825343,9.032607690940281,5.935956409561408,2.322913333185295
1.0757265075720406,1.1656952647644814,9.857577503795996,5.511636384280239,1.5686053827618403
1.386948727383976,0.9314373881602567,18.424600666076955,9.678019027118605,2.3081787606878237
4.370324761016185,7.474221986356557,12.664275356758134,10.069248671557347,5.003538528854092
9.709046386397178,18.824399457917092,5.936933148772643,12.380666303344867,10.00589304383581
7.729175661394916,15.381512139716143,0.7683918307368987,8.074951985226521,7.767595252931762
10.711574345326628,19.603294722159024,18.198539684942318,18.90091720355067,11.621501329573745
7.07828789345337,14.037692213708544,1.188835731981961,7.613263972845252,7.137729680052468
6.662060536268355,13.169213352601798,1.5490771993491381,7.359145275975468,6.739514396235813
2.7738055445187135,4.327075948276528,12.205351407608987,8.266213677942758,3.384073114899163
6.5036242006722595,11.399946333500361,16.07302067844158,13.73648350597097,7.307275234594339
8.735254928657008,16.81006377116886,6.604460861451569,11.707262316310214,9.065477971729587
7.826638331096225,15.164715043353423,4.885616188390271,10.025165615871847,8.07091914051574
2.6042350614608,3.7221724867245665,14.86297636197034,9.292574424347453,3.3473838795593176
9.218423263125805,17.017806827518974,14.190396987326348,15.604101907422661,9.927943112492123
7.7840275146041495,15.34389954723618,2.2415548197211943,8.792727183478688,7.89610525559021
7.553763394553827,14.173517626920331,9.34009162187322,11.756804624396775,8.020767975647487
4.6259377478312595,7.636346745450711,16.155287502118078,11.895817123784393,5.433702122937163
0.8817265750260735,0.6618999233933942,11.01553226658753,5.8387160949904615,1.43250318835545
5.499768412874354,9.18361922081143,18.159176049372782,13.671397635092106,6.407727215342993
10.40392603610149,19.199612486379145,16.082395858238336,17.64100417230874,11.208045829013406
7.223925774762542,14.19337794082561,2.5447360869947477,8.36905701391018,7.351162579112279
9.838624011214574,18.82146384559919,8.557841768299557,13.689652806949374,10.26651609962955
4.434604130366906,8.447743148365909,4.214651123679028,6.331197136022468,4.645336686550857
1.6980549594770906,2.307685952666265,10.88423966287916,6.595962807772713,2.2422669426210486
5.297308275173146,10.449222155861538,1.4539439448475422,5.9515830503545395,5.370005472415523
10.234526549008523,18.630623032067206,18.384300659498393,18.5074618457828,11.153741581983443
1.8134399513475867,3.431916862472608,1.9496304022256505,2.6907736323491296,1.9109214714588691
8.579346055712172,16.7851195357667,3.7357257565764534,10.260422646171577,8.766132343540995
3.6423857554283257,7.251138591822088,0.33632919034563225,3.7937338910838605,3.6592022149456076
8.157476584296502,15.902779768289152,4.121734003038511,10.012256885663831,8.363563284448427
4.915295287035218,8.842959074567156,9.876314995032802,9.359637034799979,5.409111036786858
8.402767241195837,16.697626097399514,1.0790838499216249,8.888354973660569,8.45672143369192
6.193986985215724,11.573313789052866,8.14660181378581,9.859957801419338,6.601317075905015
6.879570518369377,13.287775450981973,4.713655857567809,9.000715654274892,7.115253311247768
6.769203093388569,13.256067670994522,2.823385157826166,8.039726414410344,6.910372351279878
7.02586479781568,12.371602429617568,16.80127166013792,14.586437044877744,7.8659283808225755
9.838115744794626,18.702424801776722,9.738066878125306,14.220245839951014,10.325019088700891
6.406925986865428,11.649045842653749,11.648061310771068,11.648553576712409,6.989329052403981
7.215134709350032,14.267208368624228,1.630610500758365,7.948909434691297,7.296665234387951
2.3709289301523317,3.763735432399369,9.78122427905295,6.772479855726159,2.8599901441049793
4.965798994022756,9.847895596249314,0.8370239179619765,5.342459757105646,5.007650189920855
8.374476628749607,14.900394087568394,18.485591699308184,16.692992893438287,9.298756213715016
2.55453744209704,3.5105700110378324,15.98504873156248,9.747809371300157,3.3537898786751645
6.013683045917643,11.758059733644789,2.6930635819049797,7.225561657774884,6.148336225012892
8.326391626727716,15.743739435668555,9.090438177868753,12.417088806768653,8.780913535621153
9.660337737763777,18.936166617104075,3.845088584234788,11.390627600669431,9.852592166975516
7.571945943229986,13.758656344880464,13.852355415795074,13.805505880337769,8.26456371401974
7.720784633327299,15.40236884064626,0.3920042600833873,7.8971865503648235,7.740384846331469
4.623046535884542,7.826631037316836,14.194620344522473,11.010625690919655,5.332777553110665
8.09925676066586,15.51462606839821,6.83887452933509,11.17675029886665,8.441200487132614
4.996334263251473,9.796915818691218,1.9575270781172827,5.87722144840425,5.094210617157337
5.4989262441193345,9.02753842387898,19.703140643596896,14.365339533737938,6.484083276299179
2.3095129041251448,4.060483814967906,5.585419932823836,4.822951873895871,2.5887839007663365
5.404102907488422,10.23943302805612,5.687727869207242,7.963580448631681,5.688489300948784
2.2159080806575027,2.99970092954428,14.321152317707252,8.660426623625765,2.931965696542865
0.7765424666568458,0.8612934065218747,6.917915267918168,3.8896043372200215,1.1224382300527542
5.431486777622006,8.910219192224911,19.52754363019102,14.218881411207965,6.407863959131557
6.1923557369215185,11.927166289663198,4.575451841798383,8.25130906573079,6.421128329011437
2.0171062507590416,3.9608819386758287,0.7333056284225425,2.3470937835491856,2.0537715321801686
6.601914362008219,12.21131517756062,9.925135464558188,11.068225321059405,7.098171135236129
5.219559998371174,9.435291444977587,10.038285517647603,9.736788481312594,5.721474274253554
1.3050687240694847,1.7677768327486842,8.423606153902849,5.095691493325766,1.726249031764627
3.5217200019966746,6.6676376937623,3.7580231023104926,5.212830398036396,3.709621157112199
8.058706273935007,14.58601125900957,15.31401288860444,14.950012073807006,8.824406918365229
3.692568126011913,6.678538506678551,7.065977453452749,6.87225798006565,4.04586699868455
3.427647641355417,4.880700655826471,19.745946268843632,12.313323462335052,4.414944954797599
1.6259639914727702,1.3408271716209819,19.111008113245582,10.225917642433282,2.581514397135049
9.049221441729541,17.327918256188607,7.705246272704745,12.516582264446676,9.434483755364777
2.8260898763456033,4.162269275200472,14.899104774907343,9.530687025053908,3.5710451150909703
1.48277893946816,1.5352407621544217,14.303171167818983,7.919205964986702,2.197937497859109
7.32360259079862,12.693619562270094,19.535856193271457,16.114737877770775,8.300395400462193
6.421737145326307,11.551060645644306,12.924136450083083,12.237598547863694,7.067943967830461
10.487282045018228,19.39093903795422,15.836250520822368,17.613594779388293,11.279094571059346
3.7139122783149436,6.0342373047255276,13.935872519043595,9.98505491188456,4.4107059042671235
9.513554259053345,18.472689956455707,5.54418561650982,12.008437786482762,9.790763539878835
7.647400087667241,15.081080443670203,2.137197316642785,8.609138880156493,7.75425995349938
1.5640970738864857,2.6250673426039373,5.031268051690338,3.828167697147138,1.8156604764710025
8.152904570903125,16.202583767236366,1.0322537456988368,8.6174187564676,8.204517258188066
3.8471749958229853,6.165707502577971,15.286424890680001,10.726066196628986,4.611496240356986
1.9702695514590598,2.1985598706422693,17.419792322758504,9.809176096700387,2.841259167596985
5.092962803021466,9.640046189329434,5.458794167134988,7.549420178232211,5.3659025113782155
10.468045143700122,19.749329469514613,11.867608178856294,15.808468824185454,11.061425552642936
3.3895433633446945,5.729581099768271,10.495056269211183,8.112318684489727,3.9142961768052533
4.051002281804637,6.889140413980572,12.128641496287027,9.5088909551338,4.657434356618989
7.904520885552374,13.92065557652864,18.883861945761083,16.40225876114486,8.848713982840428
7.038801392339805,13.77023331440941,3.0736947027020056,8.421964008555708,7.192486127474906
1.2850927634105374,1.5842180683756024,9.859674584454723,5.721946326415162,1.7780764926332735
6.20028395118387,11.09012978831064,13.104381140571018,12.097255464440828,6.8555030082124215
6.357838820846788,10.896589065073957,18.19088576619619,14.543737415635073,7.267383109156597
10.075109784637489,19.572763132985767,5.774564362892123,12.673663747938946,10.363838002782096
1.8916071005860522,3.5292893711641615,2.5392483000794286,3.034268835621795,2.0185695155900234
3.9019785695619014,6.448107041280691,13.55850097843112,10.003304009855906,4.579903618483458
8.782361756230156,17.06406531984943,5.006581926108797,11.035323622979114,9.032690852535595
7.305982431672928,14.044341730095889,5.676231332499668,9.860286531297778,7.589793998297911
5.766065073956611,10.881693853139483,6.504362947737383,8.693028400438433,6.091283221343479
7.595446852368682,14.557793121938612,6.3310058279875285,10.44439947496307,7.911997143768059
5.316922500858364,9.334301599712756,12.995434020039713,11.164867809876235,5.966694201860349
1.0858298196730218,1.9710495797527217,2.006100595933218,1.9885750878429698,1.1861348494696826
0.7301147017392354,0.12546665598387907,13.347627474945917,6.736547065464897,1.3974960754865313
8.52601784000495,15.655187132832785,13.968485471771166,14.811836302301975,9.22444211359351
10.2924101274503,19.62039068614739,9.644295687532093,14.63234318683974,10.774624911826903
10.143410682173329,19.512222715801027,7.745986485456324,13.629104600628676,10.530710006446146
8.590529655367385,15.620112909242074,15.609464014926955,15.614788462084515,9.371002856113734
9.096759168749871,18.102703863035075,0.9081447446466773,9.505424303840876,9.142166405982206
2.744594302148842,4.696268716252579,7.929198880451058,6.312733798351818,3.1410542461713953
5.222773563822273,8.632806345572504,18.12740782072042,13.380107083146463,6.129143954858295
6.952899853204525,13.646898727711578,2.5890097869747164,8.117954257343147,7.08235034255326
6.219119976285045,12.425402731558929,0.12837221011160915,6.276887470835269,6.225538586790625
2.1279971783046796,3.4328564313406074,8.231379252687521,5.832117842014064,2.5395661409390557
5.126167063952744,8.510221489002085,17.421126389034036,12.96567393901806,5.997223383404446
7.451796814305868,13.372034388183147,15.315592404285889,14.343813396234518,8.217576434520163
3.0055593457005334,4.256630576390819,17.54488115010248,10.90075586324665,3.8828034032056573
5.021615818718492,9.675251712980831,3.679799244561528,6.677525478771179,5.205605780946568
5.052025313793696,9.15498904183587,9.490615857515227,9.32280244967555,5.526556106669458
3.378704849939638,6.663938671902201,0.9347102797707474,3.7993244758364746,3.4254403639281756
3.619790259844868,5.824086463183602,14.15494056506134,9.989513514122471,4.327537288097935
1.8879807303123686,2.835621015851808,9.403404447729288,6.119512731790548,2.358150952698833
7.693433078629029,14.28671806122085,11.001480960372096,12.644099510796472,8.243507126647634
8.23056593456706,15.170847934188957,12.90283934945165,14.036843641820305,8.875707902039643
3.742717993967438,7.144214408022174,3.4122157991270163,5.2782151035745954,3.913328783923789
0.5919561009686772,0.1544243377644805,10.29487864172874,5.22465148974661,1.1067000330551142
2.5720281743510087,4.607007714523952,5.37048634178065,4.988747028152301,2.8405524914400413
3.57144284095703,5.2710015726806025,18.71884109233457,11.994921332507587,4.507384895573758
7.903502776102328,14.57207415293306,12.34931399271595,13.460694072824506,8.520968475738126
9.092349839494702,16.80657571962318,13.781239593662253,15.293907656642716,9.781411819177816
2.341030060081949,3.255328592824649,14.267315273392487,8.761321933108569,3.054395823751573
3.259436395284876,6.08569304940972,4.331797411600322,5.208745230505021,3.476026265864892
7.279901895140348,12.782971400706378,17.76832389574318,15.27564764822478,8.168318089927507
5.760317900111069,11.160917892657272,3.5971790756486643,7.379048484152968,5.940176853893503
3.2202003947558966,5.338526681208464,11.018741083033293,8.178633882120877,3.7711374489075613
5.678356439711136,9.410538106461102,19.461747729611695,14.4361429180364,6.651443826191721
5.715997536243898,10.448939942428733,9.830551300590622,10.139745621509679,6.207525101273429
3.172898945889531,5.4589967764980045,8.868011152810578,7.163503964654291,3.61629950353006
3.0779804096921817,4.973499933387469,11.82460885996894,8.399054396678205,3.669210852690629
2.6030713830574195,3.6157841993067596,15.903585668080789,9.759684933693775,3.3982506664614585
8.750840332217408,15.737258101917268,17.644225625175466,16.690741863546368,9.63305161347618
8.249773567066148,16.4939685869231,0.05578547209197371,8.274877029507536,8.252562840670747
3.8801037529255993,5.952885240319055,18.073222655321437,12.013053947820246,4.783764885691671
3.2269391418056625,4.857226896561821,15.966513870495042,10.41187038352843,4.025264835330415
8.776293078438364,15.896299047374256,16.562871095024715,16.229585071199487,9.6044366331896
8.828473627363818,16.58880272998223,10.68144524745405,13.63512398871814,9.36254588973652
4.713784434863227,8.109366582141266,13.18202287585188,10.645694728996574,5.372885578655821
9.009406445440993,16.540255028111055,14.785578627709317,15.662916827910186,9.74868537682646
2.666712688161246,3.3411968669681236,19.92228509354369,11.631740980255906,3.662826942838431
2.8287815097525737,5.0812099433006015,5.763530762045463,5.422370352673033,3.116958047854847
9.658301176360231,17.390989284808633,19.2561306791183,18.323559981963466,10.621107710316146
7.569798787679466,13.583432658568874,15.561649167900573,14.572540913234723,8.347881246074495
10.129864637957745,18.651283457731292,16.08445818184196,17.367870819786624,10.934087547049842
3.5868872010722277,6.407385372121237,7.663890300232186,7.035637836176711,3.970081716083837
3.5463808788447087,5.661249692164971,14.315120655244456,9.988185173704714,4.262136911606931
3.2223475782055413,5.565101041476225,8.795941149348572,7.180521095412399,3.66214463567297
1.9293049730805611,2.7979414542125336,10.606684919485884,6.702313186849209,2.4596392190548553
7.049957196019282,12.266931871430343,18.329825206082205,15.298378538756275,7.966448456323392
2.007199341947544,2.690882154131129,13.235165297639586,7.963023725885358,2.6689576068295233
1.0596926853691593,0.6019358118387208,15.17449558899598,7.88821570041735,1.8184174648189584
5.630001765612046,10.119447641387278,11.405558898368135,10.762503269877707,6.200279710530452
5.932929470590416,10.018318609704838,18.475403314759934,14.246860962232386,6.856699636328413
2.8674903452297977,5.424960284652897,3.1002040580669843,4.2625821713599406,3.022500548133147
1.0863778230461045,1.2142878043596905,9.584678417325186,5.399483110842438,1.5656117439123638
2.5814563816312606,4.155972559247401,10.069402040151203,7.112687299699302,3.084926483638821
3.6571595307253384,5.688121736567049,16.261973248836277,10.975047492701663,4.470258193167153
6.9429149960384215,12.014072823112645,18.717571689641975,15.36582225637731,7.8787935805205205
5.375910135142936,9.326435681974717,14.253845883111554,11.790140782543135,6.088602429298514
1.7830706678977095,3.502424785237781,0.6371655055763803,2.0697951454070806,1.8149289431765285
6.333650914849603,11.37325549681914,12.94046332880064,12.15685941280989,6.980674081289634
6.364393143977724,12.520516924174592,2.0826936378085636,7.301605280991578,6.4685278258681524
9.303197688460841,17.997760742570385,6.086346343512961,12.042053543041673,9.607515005636488
9.210919815039976,17.682755254726537,7.390843753534158,12.536799504130347,9.580462002716684
9.43355471428863,17.53565701844546,13.314524101318003,15.425090559881731,10.09928091935453
10.208844458010255,19.23278184143651,11.849070745839995,15.540926293638252,10.801297995302255
7.24191423080601,13.836247509417438,6.475809521945816,10.156028515681626,7.5657047069033005
2.772389071105616,5.139260676962194,4.0551746524903765,4.597217664726285,2.9751478037301347
9.437924519244604,18.093035577954033,7.828134605351725,12.960585091652879,9.829331249512189
6.03835213788811,11.095114734215496,9.815895415607244,10.45550507491137,6.529146908668473
10.228980258730155,19.205121726586366,12.528387908739436,15.866754817662901,10.855399654167126
3.924867481976797,7.367902340410277,4.818326235433171,6.093114287921724,4.165783793748456
2.830356663571242,3.684548603320761,19.76164723821723,11.723097920768994,3.8184390254821032
9.421614052951757,17.775832819883938,10.673952860195758,14.224892840039848,9.955311695961544
5.035366876426542,8.32843937924778,17.422943736053046,12.875691557650413,5.906514063229194
9.510711477487522,17.776831444798287,12.445915101767584,15.111373273282936,10.133007232575903
9.93534529592586,18.65881103296712,12.118795588846005,15.388803310906562,10.54128507536816
10.147646794028699,19.149255299573735,11.46038288483662,15.304819092205177,10.72066593827053
6.204650324475326,12.061168635912518,3.4813201303813446,7.771244383146931,6.3787163309943935
7.69506077234495,14.851868983197122,5.38252561492778,10.11719729906245,7.964187053091338
4.9271611792076095,8.834282462523344,10.200398958918758,9.51734071072105,5.437181127153548
5.372551883804851,9.438168075760045,13.069356918496585,11.253762497128314,6.026019729729681
8.265937920252743,16.211596352000022,3.2027948850546295,9.707195618527326,8.426077664505474
2.9292119194636896,4.6499843997489565,12.084394391784222,8.367189395766589,3.5334316390529006
2.3915337689504055,3.904982836092541,8.7808470180827,6.34291492708762,2.8305761198545403
0.7352699536456572,0.9750644644408668,4.954754428504476,2.9649094464726713,0.9830076750708809
9.0327222179859,17.344071276606922,7.213731593648767,12.278901435127844,9.393408797668338
6.552055791246016,11.34005752605148,17.640540564405505,14.490299045228493,7.4340828194662905
7.020037755018135,13.16560761095704,8.74467899079232,10.95514330087468,7.457271704557751
7.49247296301959,13.172585353510362,18.123605725288165,15.648095539399264,8.398653249283997
9.157888296220737,17.36322544457638,9.525511478650943,13.44436846161366,9.634163870153284
6.1822215625732895,11.393905325248388,9.705377998981897,10.549641662115143,6.667490462522384
2.8635420938159726,4.314913813239101,14.121703743928443,9.218308778583772,3.569627281012395
7.562348578387743,14.586920294137983,5.377768626375037,9.98234446025651,7.831237009706495
3.6357180442861656,6.552866624289074,7.185694642832578,6.869280633560826,3.9950027764277944
5.358557840727296,9.711619773511838,10.054959079427535,9.883289426469688,5.861305794698673
5.566463254017866,9.305190666701746,18.277358413339858,13.791274540020801,6.480331174684859
7.623225056090744,14.37987830799607,8.665718041854184,11.522798174925127,8.056510958183454
8.402710911828642,15.714696204399557,10.907256192577275,13.310976198488415,8.948073721457506
3.6826164525882805,6.352137477776639,10.130954273999222,8.24154587588793,4.189164166288242
1.635563816183276,2.733449062247577,5.376785701189748,4.055117381718663,1.9044031012427634
2.2582154516362727,2.6969026327706924,18.195282705018528,10.446092668894611,3.167979586887199
7.926247447398381,15.7901709100997,0.6232398469706024,8.206705378535151,7.95740943974691
5.2004021446759365,8.51843870928574,18.823655800661335,13.671047254973537,6.1415849347090035
1.7358533180635674,3.4373306289378847,0.34376007189250046,1.8905453504151926,1.7530413216581924
1.7136250255092884,1.6217297778255935,18.055202731929832,9.838466254877712,2.61638516210578
5.147170286299534,8.803428632729053,14.909119398700142,11.856274015714597,5.892626256234541
10.03020693521052,18.297944230187273,17.624696402337683,17.96132031626248,10.911441755327406
5.2192989957762865,9.08635425392676,13.522437376258125,11.304395815092443,5.895420864589193
4.687922151330712,7.424960556691063,19.508837459703603,13.466899008197332,5.663364024315891
5.75073213407737,10.961642177578943,5.398220905757971,8.179931541668457,6.020643179365269
4.965161361983502,8.390825541006535,15.394971829604682,11.892898685305608,5.7349099534637356
6.047403488568586,10.47220189790438,16.226050792327904,13.349126345116142,6.85870602818498
2.001344540888013,2.04814485018022,19.545442315958056,10.796793583069139,2.978616656685916
4.91568985651227,9.089820851131027,7.415588618935147,8.252704735033086,5.2864692874590276
2.67135655572127,4.854198211346954,4.885149000955855,4.869673606151405,2.9156140057690627
9.509431359727442,18.78786174215281,2.3100097730207403,10.548935757586776,9.624931848378479
8.426027323340113,15.053759988041973,17.98294658638254,16.518353287212257,9.325174652659241
2.4649063532925553,4.268577566470428,6.612351401146821,5.440464483808625,2.7955239233498963
5.444758350202681,9.464376941595741,14.251397588096209,11.857887264845974,6.157328229607492
10.401338497812953,19.511946047404393,12.907309482215105,16.20962776480975,11.046703971923707
9.039137854400956,17.29090648206566,7.873692267362498,12.58229937471408,9.43282246776908
6.947358879934519,13.22887817449105,6.658395853779888,9.943637014135469,7.280278672623514
3.6984267892365703,6.126365875485553,12.704877029875876,9.415621452680714,4.3336706407303645
2.059105649890685,3.221832701374303,8.963785984070668,6.092809342722486,2.5072949490942182
3.802284474382949,7.364743094840003,2.398258539258955,4.88150081704948,3.922197401345897
3.644259064768133,5.839489169507481,14.490289600287845,10.164889384897663,4.368773544782526
6.429549717977604,12.270480125137194,5.886193108180146,9.078336616658671,6.723859373386611
7.517972177336889,14.257464684057117,7.784796706166592,11.021130695111854,7.907212012645218
4.231522196091934,7.585383415231124,8.776609769527436,8.18099659237928,4.670352684568305
2.6680446412059005,3.3711210974919914,19.649681849198096,11.510401473345043,3.6505287336658054
7.44388785729272,13.349557037161198,15.382186774242413,14.365871905701805,8.21299719600484
5.820801214003958,11.327067110087665,3.145353179202519,7.236210144645092,5.9780688729640845
0.2987654410203072,0.4263965874956921,1.7113429454492235,1.0688697664724578,0.3843325882927684
8.945847502690638,16.191867427642798,16.99827577738478,16.59507160251379,9.795761291559877
1.8061711785410688,2.1462211272389164,14.66121229843221,8.403716712835562,2.5392317934626796
1.396802806577664,0.8406813065970864,19.529243065582417,10.184962186089752,2.373264959856785
8.377631344913818,15.561244072807963,11.940186170196723,13.750715121502342,8.974640653423654
8.639264689587819,17.19301729806649,0.8551208110914876,9.02406905457899,8.682020730142394
5.28945926492109,8.723817996197095,18.55100533645086,13.637411666323977,6.217009531743633
5.76707226780968,10.82414327910393,7.100012565154296,8.962077922129113,6.122072896067395
9.89272879578629,18.437548475490384,13.479091160821957,15.95831981815617,10.566683353827388
5.523328579850151,10.12798600161381,9.186711580864921,9.657348791239365,5.982664158893397
6.438952368039176,11.412047108070881,14.658576280074701,13.035311694072792,7.171881182042911
1.2828837104275157,2.3765952891178155,1.8917213173721592,2.1341583032449876,1.3774697762961237
0.9866454218514307,1.072720958881317,9.005698848215445,5.039209903548381,1.4369303642622029
1.197475752450532,1.1549125169520913,12.400389879489724,6.777651198220908,1.8174952464250183
6.363851909606752,12.127840396707214,5.998634225062909,9.06323731088506,6.663783620859897
3.3141280829704582,5.497020347285815,11.31235818655101,8.404689266918414,3.879745992298009
2.905518417954328,4.920681512827452,8.903553230812037,6.912117371819744,3.3506960794949294
6.20212788603493,11.138218747689361,12.660370243804993,11.899294495747178,6.83514639822518
6.0089184159607125,11.24758315141165,7.702536805097758,9.475059978254704,6.394045256215601
1.9372863463119852,3.47033639802244,4.042362946015303,3.756349672018872,2.1394044936127505
8.264320650190331,15.271695799250411,12.56945501130253,13.92057540527647,8.892793400755458
4.682363325935306,8.591460380075448,7.732662717951646,8.162061549013547,5.068996461832889
9.397877096649815,17.33065653168979,14.650976616098381,15.990816573894087,10.130425927454734
1.6827281144066766,2.3582812227760974,10.071750060372555,6.215015641574326,2.1863156174253042
8.06782932558099,15.34244931713081,7.932093340311681,11.637271328721246,8.464433992596573
8.77412077319512,16.83423985989019,7.140016865000507,11.987128362445349,9.131121616445146
4.555723798638409,8.432198342676836,6.792492545999817,7.6123454443383265,4.8953484259383995
9.1575643229912,17.67581277733261,6.393158686497915,12.034485731915263,9.477222257316097
10.118175161259096,18.463425613099535,17.729247094186565,18.09633635364305,11.004637515968424
9.408895609219872,17.139527444857823,16.78263773581922,16.96108259033852,10.248027496010833
8.877323661930172,16.001862754301346,17.52784569558999,16.764854224945665,9.753715946709672
6.44324867486004,12.70454983909586,1.8194751062422165,7.2620124726690385,6.534222430172152
7.237346821080686,14.281834860716767,1.92858781444605,8.105211337581409,7.333776211802989
1.6558365767381258,2.672594406615907,6.390787468603445,4.531690937609676,1.975375950168298
6.618498663621429,12.087618135280815,11.493791919620433,11.790705027450624,7.193188259602451
0.5842458412504432,0.13212837085639695,10.363633116444895,5.247880743650645,1.102427497072688
9.191199863215031,17.708046104558196,6.7435362187186465,12.225791161638421,9.528376674150962
4.223666394143702,6.534588810197974,19.127439780894314,12.831014295546144,5.1800383831884185
7.895001010728945,13.805123883217782,19.84878138240107,16.826952632809427,8.887440079848998
2.339516987878361,4.5216095714065645,1.5742440435015759,3.04792680745407,2.41822919005344
3.2521249533403256,5.876045997427766,6.282039092528853,6.079042544978309,3.5662269079667683
0.27150490973869734,0.17908103265889208,3.639287868185026,1.909184450421959,0.45346930314794864
6.180422469190422,12.181963300258836,1.7888163812200775,6.985389840739456,6.269863288251425
8.10688727316616,14.429935492353733,17.838390539785877,16.134163016069806,8.998806800155455
8.84801757630468,17.67900199126208,0.170331613472805,8.924666802367442,8.85653415697832
6.359180170685769,11.591871336672847,11.264890046986904,11.428380691829876,6.922424673035114
8.447296922045647,16.188196349071706,7.0639749501958775,11.626085649633792,8.80049566955544
5.899381001704067,10.29612452239315,15.02637481014984,12.661249666271495,6.650699742211559
3.5496653530588773,5.906882456725368,11.924482493923866,8.915682475324617,4.1458894777550706
2.3601413195645495,3.2719921177698486,14.48290521359251,8.877448665681179,3.084286580244175
1.412530020130482,2.398607870551257,4.264521697097068,3.3315647838241627,1.6257561049853353
5.885939648697522,11.606515899047718,1.653633983473266,6.630074941260492,5.968621347871186
2.579499576986329,3.359115719651895,17.998834343207637,10.678975031429767,3.479441294146711
3.4239315727324673,6.371768009495698,4.760951359692371,5.566359684594035,3.661979140717086
2.879225339651888,5.718669748880229,0.3978093042354658,3.0582395265578475,2.899115804863661
3.18398957264753,4.7316766436301965,16.363025016648635,10.547350830139415,4.002140823479962
2.6414346401898414,4.81523495749145,4.676343228882329,4.74578909318689,2.875251801633958
0.8588431526804828,0.13945132935442306,15.782349760065426,7.960900544709924,1.6479606406837541
8.585950515596991,16.575665364447904,5.9623566674607815,11.269011015954343,8.88406834897003
9.76299198398703,19.03871959631023,4.87264371663831,11.955681656474269,10.006624169818945
3.3670945098301766,5.945855900834037,7.883331188263167,6.914593544548602,3.761261069243335
5.628027031786295,10.973303303266398,2.827507603061916,6.900405453164157,5.7694024119393905
9.314255565407079,17.211439862630954,14.170712681832033,15.691076272231493,10.02279119949868
6.692202271328367,12.954269144621682,4.30135398035052,8.627811562486102,6.907269970345893
2.6910425213210667,5.199701152502789,1.8238389013934442,3.511770026948117,2.7822344663907392
0.4203952947842239,0.19579250251769764,6.449980870507501,3.322886686512599,0.742894338309599
5.419307261372675,9.464559031201137,13.740554915442129,11.602556973321633,6.106335007144781
2.7300253966338848,5.453073055644286,0.06977737623483193,2.761425215939559,2.7335142654456264
1.203517934625011,0.4623181004132859,19.44717768836736,9.954747894390323,2.1758768190433795
8.091366003261419,15.562636552879919,6.200954536429175,10.881795544654548,8.401413730082878
10.253404266214353,19.856140828398168,6.506677040305375,13.181408934351772,10.578738118229621
8.521594634408894,15.546855663204127,14.963336056136601,15.255095859670364,9.269761437215724
7.971085479742206,15.842329508847383,0.9984145063702998,8.420372007608842,8.021006205060722
2.1615109761313915,3.810967832284202,5.120541199785807,4.4657545160350045,2.417538036120682
3.953156318712264,7.237461005754245,6.688516316702833,6.962988661228539,4.287582134547406
7.482072134210197,13.703022606957486,12.611216614629077,13.15711961079328,8.11263296494165
8.778929257697024,17.287951352881844,2.699071625122045,9.993511489001945,8.913882838953127
9.504678790264844,18.390405786920113,6.189517936095754,12.289961861507933,9.814154687069632
7.3035806206301785,14.451329360558294,1.5583188070206244,8.004824083789458,7.381496560981209
9.219947398740102,17.36245282582756,10.774419716526415,14.068436271176989,9.758668384566421
6.56064687542312,12.050384048705325,10.709097021409145,11.379740535057234,7.096101726493577
5.380092770051225,9.885930938488624,8.742546016138252,9.314238477313438,5.817220070858137
3.508913554250815,5.708587491824839,13.092396166767909,9.400491829296374,4.16353336258921
9.475833723866359,17.604982911240302,13.466845364924156,15.53591413808223,10.149175992112568
8.292997104864066,14.959192380268213,16.268018294599194,15.613605337433704,9.106398019594026
7.162624820493956,12.903457547043136,14.217920939447781,13.56068924324546,7.873520867466346
3.284642305502924,4.601759738350568,19.6752487265528,12.138504232451684,4.268404741830564
0.5148693770192545,0.04551460369143445,9.842241503470744,4.94387805358109,1.0069814521927918
3.9942002933537757,6.773614668475796,12.147859182317555,9.460736925396676,4.6015932524696535
8.597234932501967,16.64424878592478,5.502210790791553,11.073229788358166,8.872345472041545
6.703355583056589,12.510162314769763,8.965488513434142,10.737825414101952,7.151630008728296
8.048121543671538,16.025892332988725,0.7035075435434979,8.364699938266112,8.083296920848712
4.094710855604055,7.195293686768931,9.941280244391788,8.56828696558036,4.591774867823644
9.146569006368187,17.334657864451657,9.584801482847178,13.459729673649417,9.625809080510546
5.453724732433045,9.325443529663334,15.820059352027576,12.572751440845455,6.244727700034424
6.248708436126799,11.4020613099476,10.95355562305999,11.177808466503794,6.7963862172797995
5.807447255050146,9.66220975836559,19.526847517347022,14.594528637856307,6.783789630917497
1.5362095646554357,2.8048810215914655,2.675381077194061,2.7401310493927635,1.6699786185151388
7.721467930746905,14.453834839934904,9.89101021558906,12.17242252776198,8.216018441526359
5.425149742555844,10.778188689456393,0.7211079565529577,5.749648323004675,5.461205140383492
6.653370029456243,12.12511718614155,11.816228727709353,11.970672956925451,7.24418146584171
8.099421948547969,14.35565749133325,18.431864057626854,16.39376077448005,9.02101515142931
0.6764380820290721,0.6374484962358551,7.154276678222891,3.895862587229373,1.0341519159402166
9.838129909645462,18.883633519110784,7.926263001801392,13.404948260456088,10.234443059735531
0.3930838120771216,0.09865322158373102,6.875144025705122,3.486898623644427,0.7368410133623777
7.951574566422697,15.082257914208322,8.208912186370718,11.645585050289519,8.362020175741232
2.3050243407628788,3.4392405460890796,11.708081354366781,7.57366095022793,2.8904284084812177
6.656174748626368,12.911020768829601,4.013287284231348,8.462154026530474,6.856839112837935
8.340189298719535,16.262464702785998,4.179138946530716,10.220801824658357,8.549146246046071
6.944313852988669,13.21374779820183,6.748799077755083,9.981273437978457,7.281753806876424
8.356300111974427,15.826605983248507,8.859942407003478,12.343274195125993,8.799297232324601
10.400165779135365,19.65965185233046,11.406797059402722,15.533224455866591,10.970505632105501
6.9877106391866635,13.368532082261579,6.0688919611174725,9.718712021689527,7.291155237242537
7.64479587436054,13.849135094334368,14.404566543867109,14.126850819100738,8.365024201553895
6.788967056035126,11.915876040869279,16.620580712009737,14.268228376439508,7.619996091635613
2.591486167813997,3.429558935488759,17.534134001392353,10.481846468440557,3.468192867883615
4.34943034111101,6.735483888532698,19.633767936893204,13.184625912712951,5.33111873795567
2.997115403505247,4.140703185636847,18.535276213736473,11.33798969968666,3.9238792141920706
1.0775644024772806,0.9201150371292788,12.350137678252821,6.63512635769105,1.6950712863899215
8.530876291743631,15.188145171602338,18.736074118849256,16.962109645225798,9.467679997686094
7.6406483946596895,14.633705145734066,6.475916435853135,10.5548107907936,7.964444216452346
5.95407928864649,9.995230079558128,19.12928497734851,14.562257528453319,6.910543537513916
9.895806111091668,18.76825760659897,10.233546155843662,14.500901881221315,10.407483418883851
6.90364937244493,12.80308402117261,10.042147237172493,11.422615629172551,7.405756734303555
9.460292111671656,17.321579573476026,15.990046498672863,16.655813036074445,10.259794436605299
6.214342040145946,11.806056084086718,6.22627996205175,9.016168023069234,6.525656038248534
4.730973008208816,8.966245902629613,4.957001137880197,6.961623520254905,4.9788230651028265
10.374098357922218,19.654562535065704,10.936341807787331,15.295452171426518,10.920915448311586
3.873854973016194,6.054538731489128,16.931712145432602,11.493125438460865,4.720440580287824
5.697586414579021,11.218025029439742,1.7714779971830064,6.494751513311375,5.786160314438172
2.1989033184474307,3.218489315064559,11.793173218303023,7.505831266683791,2.7885619793625818
7.84915611074479,14.758391619146549,9.399206023430322,12.078798821288435,8.319116411916307
2.0535564149138095,3.5609946838939965,5.461181459336226,4.511088071615111,2.3266154878806207
8.389180942701648,14.79657880507267,19.81783080330625,17.30720480418946,9.38007248286696
7.54470373902312,14.142618740844615,9.46788737201625,11.805253056430432,8.018098107623933
10.344171828955387,19.654573986999495,10.337696709112796,14.996135348056146,10.861056664411027
10.663730443960228,19.80490139792636,15.225594899940951,17.515248148933658,11.425010188957277
4.242631313161191,7.378115762151031,11.071468641713494,9.224792201932264,4.7962047452468655
2.4195506722924502,4.660499216265928,1.7860212831897249,3.223260249727826,2.5088517364519363
4.146106645604101,6.875126789655825,14.170865015523768,10.522995902589797,4.854649896380289
7.280165106413818,12.920452064071315,16.39878148756323,14.659616775817273,8.10010418079198
